{
  "$schema": "https://raw.githubusercontent.com/DotNetAnalyzers/StyleCopAnalyzers/master/StyleCop.Analyzers/StyleCop.Analyzers/Settings/stylecop.schema.json",
  "settings": {
    "layoutRules": {
      "newlineAtEndOfFile": "require"
    },
    "namingRules": {
      "allowCommonHungarianPrefixes": true,
      "allowedHungarianPrefixes": [ "db", "at", "or", "up", "it", "un", "x", "y", "id", "ip", "bg" ]
    },
    "documentationRules": {
      "companyName": "AspNetCoreTemplate",
      "copyrightText": "Copyright (c) {companyName}. All Rights Reserved.",
      "documentInterfaces": false,
      "documentInternalElements": false
    },
    "orderingRules": {
      "usingDirectivesPlacement": "insideNamespace",
      "systemUsingDirectivesFirst": true,
      "blankLinesBetweenUsingGroups": "require"
    }
  }
}
